,text,summary
0,great right cocoa local conscious durability chocolate taste family internet eve ,yummy 
1,amazing including anytime drink tasty happy mellow taste like com machine slightly college chewing weight less flavored update mother seasonings probably good times want size convenient hints ,it is tasty 
2,ok bottle coffee one saw ok bottle could gum bottle coffee regular coffee handy ,great coffee for pumpkin older 
3,like half coffee taste like coffee gave could taste coffee dip size guess sent guess showed bit better ,stuff was basket almond not french coffee 
4,slightly cereals one balanced kids seem less finally whole packed long residue directions finally bag ,great in 
5,hottest others wave inside habanero wave pretty would girl metallic want pleased results poper habanero pretty left ,jerky chewy cup the greek 
6,sampled case mix free make best gluten used products almond value gluten used discern avoid absolutely office yummy decaf along diabetic like ,popcorn 
7,like recommend regular shelves mix make pure taste human toys christmas stop pure experienced received tried soft free dessert main newman ,just day better for aroma 
8,product wonderful like every also good easily couple milk depth love ,great 
9,better stores fruit altogether else simple else spread chef altogether else blends purchased cookies cost taste increase year ,wonderful tasting than worth 
10,product treats nutrients picture snack green attempts loves lost would chocolates background greenies penny st ,diet for artificial 
11,com matter favorite complained chip matter also good cookies totally recommended lovers breath much hiking cannot even flavors small grocery store beverage time amazon consequently small umm product ,variety customer are excellent amazon has 
12,house many flavor sugar full msg pricey reseal fat sweet coffee dinner treats sugar hubby coffee things machine coffee keep awesome ,free 
13,sweetness drink tastes walmart made hopefully really carpet additives pulling good say quality much never drink quality ,tastes noodles and shipping my chex 
14,quality rich nice smooth knocking coffee drink coconut tastes great much else drink sweet morning one red free sweet shows time reminds smells else steak dogs keep even ,great coffee so was worth 
15,get theater craving growing get convenience low always bars get one want ordering hamburger hamburger fulfilling spiciness speedy ,not sweet you cocktail 
16,fresh cooking practices nice levels basket poisoning taste events favorite brand puzzle new anything add alot soft ,is the loves you are smell for 
17,product place good flavor first tried dairy hearing amazon fruit get product chain ,naturals mom licorice 
18,like taste next organic first month bags pomeranian closer get second popular chest month salt sometimes beet ,good taste 
19,great serving breakfast miles recommend want bit soda one easy really add ways recognize least bought need flavor smooth fair packaging ,good diet 
20,bars tasty nut regular difficult ordering know blend top jelly light flavors little rates wrong wrong problem price satisfied ordering ,wonderful than grey full sauce 
21,hour hound subscription products temporary lid several bowl happy christmas cannot created halva oils one christmas used product happy bring overpowering amazon wet temporary amazing wonderful ,pancake regular 
22,love product indoor coffee morning produce local coffee best allow ever ,excellent product 
23,chips best different manner gravy taste quaker finish well opened higher easier hair like cups finish refresh recommend heaven bought give age love crispy soup love recommend thing local chocolate ,fabulous 
24,best gels feeding sauce mint tea ever cherries crazy little promise grew well like ounce boil tea little similar keep even ,delicious tea 
25,long product must give fruit side sauce tea oats weight amounts disc without sauce tea right mousse packaging seasoning ,good product 
26,include year tried listed need disappointed dog peanut etc dog plan ,my dog too simple but safe this 
27,definitely able shipping iced fairly product added texture wooden waste deserves black waste could set put iced barry ,vanilla 
28,clearly tea sun upset drops organic hands blue tea wonderful great flavor great price fat folgers getting herb level level days keep awesome ,fabulous tea 
29,got high car brands company love fresh mild things make company definitely seasoning product service company plan break types ran black ,great product 
30,cheaper guess internet side organic one love using supposed preference wrong give even coffee one love organic gotten coffee decent bag using supposed ,love it it is cherry my favorite 
31,keurig greatest heavy pretty would make follow gift fragrance figure training cousin home highly cousin second salty greatest fantastic thing local ,maybe 
32,wonderful flavors good price stronger cheaper chemically always years flour find amazon bad sour milk make picked fast reasonable way ,ranch sugar perfect dry without 
33,top could find super pineapple years area found retail amazon ordered healthy like however happy strong pineapple taste one ,good 
34,smaller weeks tea cleaning vinegar favorite ingredients could find shipment cookies smell found amazon ,love the tea 
35,easy love food combo dark fast treats great well ,extract perfect and my dogs love it 
36,gum went food store amazon price far better spicy buy crust know school priced work open way remember everyday reminds carousel peanuts love way ,long would 
37,popcorn enjoy whole moisture developed cup opened dog makes oil box date gummies cup opened result get run moisture developed great product cans makes result ,entertaining lite quality bags dog treats going 
38,love bars looks get maybe price tried variety year buying instead store pancake items price plant fruit much would hard number taste healthy great ,love them 
39,little oil fresher spits play option yummy get fair one cartons popcorn term play live two fit one close medium play enough good tiny agree wrapped ,the overpriced are good but 
40,first tried birthday bill strong zip coffee away good take locally strong coffee flavor shape okay pieces couscous sweet yum honestly gourmet cappuccino good takes coffee ,tasty at money strange 
41,meat flavor cat could little also chia thin happened able along weak trader enticing rick seller case though ,not the best not the here 
42,think find used gluten espresso french added delicious rubbery disappointed find one manager seems better dark think find years definitely smooth amazon definitely buy looking ,yummy 
43,product raving various tastes great nursing miss perfect like regular brush everything ingredients accustomed acai everything ,peggy 
44,great like coffee strong price chew gum adorable years love something ,quick orzo the price 
45,really nice tea dressing poor cause inches sauce tea nice drink every recommend better carry jar ,delicious 
46,oz dog granted enthusiastic ad belly fashioned estimated headache bedtime squirrels hazelnut almond original fanatic classroom olds ,great lentil 
47,ordered highly cookies ingredients much today ,beans energy 
48,quick favorite trio great full flavored compartment especially amount like benefit absolutely flavor chocolatey get used shipping ,microwave boost from 
49,try since little ok spread lasted quick seed wow good cans may nostalgia else wakes course happy carpet tree else machine ,worth zuke 
50,spins fresh product visit finally crisps wicked overly salmon tried food products italian chicken used chocolate product even keep ordered amazon could anymore ,excellent dog in 
51,tasty gluten used bones quite arrived daughter ,cat perfect store 
52,nothing quick nothing based teas coffee got firm pop every loves feeding machine mix pack particularly loves coffee come unit new vacation new flavors yr nothing worth kinda ,not great christmas 
53,fresh flavor charge hint wheat months soo us dumb strong though excellent hard something tasted coffee ,excellent 
54,see taste strong happy healthy taste would stay dogs per treats seasonings purchased bake taste stuff mother yummy buy asked pork real put brand ,kill coffee rock 
55,snack order favorite coffee amazon love taste coffee flat label ,amazon to the for dr protein butter 
56,buy disappointed usually small store read best hearty dates hearty sure mess cup like great flavor lb ,the best your ever 
57,favorite original black please die easy get somewhat well worth year ,great maple 
58,would like splenda fresh product farms brothers definitely first order close come put fiber ,excellent product 
59,favorite loves without exact arrived texture messy oberto fruit though loves handled bit shampoo ,best chocolate 
60,fresh product tastes stars dogs old elk kept last get ,delicious 
61,stores vacuum otherwise flavor trouble version good one different odd anytime fan coconut trust taste fits one absolutely gram available seeds great flavor night value careful ,this flavor is msg fantastic good 
62,kahlua faux deliciously quickly eating needs hearty wrong consider uses eating love eating quickly way know tree blend true since lots else cat good wil without right ones ,love these cookies 
63,sooooo minutes rich cannot get say good old strawberry efficient yet ,workout addicting awesome taste 
64,coffee benefits thanks amazon enough gingerbread time one freeze cookies says prefers name darker habanero inhaled prefer two thanks amazon ,granola seasoning contains concentrate for concentrate 
65,rinds nice locally available helps course joe wheat step tell leaked mess family got add one retriever wheat step ,not for ok 
66,upset tea reviews tasting price amazon grocery potatoes oh drink container hot day bear actual bought regular market container hawaii enjoy absolutely cream sugar drink preschooler oz ,mm nice strange wet cacao better 
67,keurig enough good tiny popcorn teas high plus would buy people ,thing ginger 
68,eat ounce son coffee sea strong like side delivered order one chex ,favorite picky flavor 
69,long lived item chinese love flavor previously tasty sweet coffee brands unlike rare also exactly sweet blueberries biscuits large baggies criteria favorite flavors vegan good energy liked ,highly water tasty 
70,refreshing company ordered usually would contains took enjoys several company would contains fantastic recommend dog would delicious ,my bars bread not super it 
71,desert great cooking end staple shipping bit hit plus high ,great rooibos 
72,love eat purchasing satisfying going ,sam 
73,purchased must recipes works drink easily consumed water works machine safe cup patties taste consumed water apricots non bright liking well drink item well really must buy ,great tasting strong 
74,great search alternative wife seen everything lakewood also pb ,great snack in 
75,ordered thing ago chex ordered without days grains arrived much also vegan many amazon ordered also mix coffee tree prompt flavorful cream eat ,summer paws 
76,gluten used peanut delicious bubble actually really good give buying ,really really good 
77,best spent mix found add amazon cannot know gone jerky good last without go dogs perfect diet nutty stash alot great almost certainly tummy purchased feedings ,cat perfect and drinking 
78,oil want size smokey stops like came ordering place expect tastes good think came want size crisp contain amazon jelly popcorn blend besides amazing ,not special 
79,pretty jerky ty types mix owner week add ,tastes like basic 
80,tasty cookies everyone gifts trans low one microwave cookie calories flavored cookie diet flavored cookie gas delicious using last calories gas diet ,tasty but 
81,fact cups odd subscribe nice carb san sense little cups cut line make meat cake week never dropper organics graham great saving nutrition ,my favorite 
82,company love flavor ruined treat time personal three husband get twig weeks ,gluten treats 
83,think find life find juice ordered whole shake ever without ,great 
84,ziplock tasted bad perfect bad tomato flavor waters ,no where for sugar 
85,great quality dog making could makes seems packaging bird chocolate bit ounces book treat seafood kentucky seems gag variety economical mocha home buffalo shortening results ,great treat 
86,alternative sugar still cause available poor inches tomato sure flavorful country wondered nuggets near around ,yum 
87,favorite tea regular sauce tea tastes little bitter ground helps cereal soda tea nice soo flavor actual drink convenient enjoy something day cannot get say ,yummy 
88,family highest chia would taste like prefer two hour review burger away pocket sandwich date taste many per great give butter ,special 
89,bad cure expiration morning string factory products fashioned vegetarian starbucks starbucks kids thing ,list of 
90,best olive anything well worth price think find definitely find amazon regular addition great spicy benefits product ,fun be 
91,eat teeth whole definite flavor sent whole cannot know black purchased husband watcher many glad ,my mild is brew to these 
92,bread teeth service shipping years ,are you prices with this price 
93,cake chips really good tasty right opened fit none gluten used secondly little mat sure fajita tasty made usual ,really good but no review for ok 
94,husband excellent sweet green snack bottle hot morning healthy honestly hope several tasting ordered like take months happy noticed type found take tub coffee ,of the best chai pop sumatra pods 
95,great stores microwaved happy cup coconut stores fast calories well perfect normal ,yumm hated stuff quality 
96,dry bread disappointed great price husband sure disappointed box everyone box period taste kellogg truffle red definitely deal ,dissapointed salad your 
97,great product teeth really get smashed grocery store growing price decaf really strawberries ,this tips cesar seems is puppy filling 
98,eat thai gluten used english either best ,mix medicine so good 
99,cayenne one better stores pour watch loaded substitute thus wait sweet yuban dec perfectly dogs get gas wait found show cost points cup pour give one ,great stores of english 
100,carrot smell amazon broken damaged product vegetarians treat fast diet right bread enough pay ,hard to fast healthy dog cookies 
101,good taste delivers acceptable likes stuff almonds well days tried must bag locally nuts course still buying bag california prefer grape ,chocolate regular 
102,amount far best one yr spend grocery store curry daughter seeds great producto ,best umm eating ever 
103,product great flavor following two perfect package might glad ,chews packed 
104,finally lost rip mix chocolate food free mix crumbly keurig enough reasonably xylitol flavorful tiny order ,good in 
105,valley stop good gifts might well using christmas recommended dessert main worked sandwich store one vitamin apparently ginger bag ,good food dried long ounce broth 
106,like product much davidson two product product onions davidson cup perfect used stored fav eating teeth whole ,cookies 
107,absolutely every quality made spicey water hansen bit chewy customer unless hours ,vegetarian name heaven 
108,use brew traditional morning coffee tastes great kick organic cherries crazy well ,great love this loves 
109,found realize tempted eat fast reasonable looking protein sure sometimes kitchen trip chips issues helper get usually amazon without better buy ,from taste and good for you 
110,sick drinking easy save particular tasting magic make alot easily need berry type bodied fell meat know town plain ,dog in 
111,try grow driving beef san looking one enjoy hand open beef shot also meat lasted cocoa hour buy grocery years ,bad only 
112,keep hellman everything colors satisfy though snack make tastes great never add alot times wrong size cost would since product visit maybe ,the best 
113,de dad unsalted pretty would liquor tastes good de product basket ,good not great 
114,great fridge cup disappointed treats cat like worst lot perfect put needs prices plain ,love this your as base 
115,chemicals husband delicious catches three like read expect flake amazon broken count dental ,lab 
116,try product using peanut fresh afternoon somehow starbucks butter amazon buy using peanut another went food gotten sprinkled great quality ,puppies perfect training delicious kids milk 
117,life smooth amazon auto cookies snacks simply kinda aroma flavor supper took often snacks months potato arrangement bag ,there disappointing 
118,fresh snacks stuff tasty item well given drinks seasoning hope thing great product ,great disappointing 
119,great surprised high shipping love eating always salmon starbucks sure butter ,lite sugar cookies 
120,like serve worst enjoys free farmers free little glass care greek good back ,like birthday 
121,long sauce tea coke healthy much better course veggies money bit well might laughing get weak bag lot neighborhood showing would even weak call price get better healthy tea ,not purchased 
122,good like cups finish opened chips medicinal eat sour soda nice shape okay finish orange one bake ,brownies 
123,like around explodes love coconut searched love seriously popchips date ,tasty fries snack 
124,voxbox allowed packet almonds almost cheaper free smell order packs love keurig energy cups make fast cups care bought great afghanistan shot chicken ,love this loves 
125,long darker deal relatively aroma sandwich low still bake purchased relatively flavor tastebuds mother product enjoy maybe purchase leaked pockets ,pleased 
126,fresh product would buy better leaves checked ,excellent product 
127,going foods bunch eden extraordinary feeling balanced food awful enjoy recipe looked bite based without sign even happy unfortunatly ,healthy should 
128,drawer love flavor coffee cost unpleasant amount granola would two coffee keep even ,excellent flavor new you like chai coffee 
129,salsa great stores hair way meals french christmas gluten flour found espresso shocked cheddar specials ,delicious 
130,product times high say recomend enjoys make grab energetic price little call pretty ,good 
131,good benefit care layer better far amazon read good price though like used shipping mill kids simply discovered chai treats think make coffee dogs though puck snack ,good but caviar rose is wonderful 
132,month want low green barely flavored month dogs card conditioner good dogs chronic cat somewhat add tree nothing love product gets buying ,this little versatile is it 
133,added arrived facts candy think find years smell found juice ,my san does this 
134,taste great diet normal bagels least well use ,great tasting but they stuff 
135,eat alternative garlic well always caffeine waste topping ,delicious but organic not city natural 
136,rice love air taste citrus drink substitute individually seeds treats cat disagree sweeter arrived steel quick month case salad read everywhere awesome soup huge ordered another usually amazing air ,wonderful than ever 
137,want schnauzer sold enough good pay stuff ones even appears ones couple cream ,order brand 
138,prompt powder flavors pretty would bought quick loves flavor really good gets order could find soon stevia amazon ,slightly kids greenies chocolate 
139,good cup taste thank sweeten cup turned expensive package protein ,quality 
140,order dog time kids order long way snow feel brew room instead like little brewers boxes definitely ,coconut 
141,really nice formerly cup includes tug trips cups vanilla tastebuds fingertips see week cat wonderful worried brownies hoping fresh package healthy match loose marinade dinner ,free 
142,life terrific pretty would cut calories like taste job totally recommended bbq real bought acid bad little bit jerky bad say pretty taste though purchase use bought ,real not really like it 
143,choc enjoying love people start healing best hfcs healthy near brew marinara herbs cheddar tastes enjoying would rock happy ,prices tender son hot 
144,behavior dollars effectively easily cinnamon start nice right taste like ,love it 
145,tastes great got high ordered covered cracker cents arrived much ,amazing 
146,eat crunchy medicinal recommend single nutty slightest best way could get unlike could exactly seaweed cube organic chip ,very healthy satisfying snack likes 
147,lot packs taffy flour butter holding corn buttery added kashi teas many count packages refilled decided inside fine pitcher package healthy wonderful chunks friends germination ,just by 
148,easy amaretto flavor undrinkable anyone dog food products high shipping surprised made two recommend better amazing ,tasty 
149,complements paying order really spouse kibble towards order working keep even product ,popcorn 
150,try tasting excellent dish much greenie possible rewards switch rewards treat time ,or peanut that arrived too 
151,little hit rice best using christmas crystal ever orange order highly ,yum yum 
152,first probably first actually item tried visiting need peanut different lot better tried puppy syrup give great simple ,these kitchen are awesome 
153,hellman cranberries shipping comes reordered candy please stuff order happy lifesaver ,popcorn 
154,made natural chicken muffins sauces great remember use flavored touch since flavor complex customer little hours chopped tasted wish yet ,excellent pb everyday for simple 
155,us see hour bottle amount bitter car coffee separately really crumbling looking ,best coffee food the 
156,easy love makes gag type sense makes flavorful food mouth treat also amazon larabar high get brands ,dog treats 
157,ordered six tea develop preparing granola say bought ,lower favors tea 
158,love coffee see taste gross rate full best compare although bland would two ,contains cup terrible best 
159,smell heck think find product small years bit hesitate though ,coffee apples 
160,bin every sits potatoes concerned froth bad many okay every concerned buy ,good taste 
161,oil flavor relatively upset boxes swallowed products absolutely ,not great 
162,cannot odd wants china sugar right makes easy quenching easy love make rice become ,better treats for melted dogs 
163,greasy chips pretty would good shipped regular chips could delicious though taste good popper sliced arrived though may prices ,real not like the taste 
164,good like unpleasant bitter pet sweet thats buy sticky mine also asks cheese flavor immediate usps nothing really bananas could results ,really pure 
165,try one also one times stand nice cheese serving work fantastic bottles candy jet much times feel salty breakfast sugar dry inconsistent pastry real buy second corn taking ,really on and candy 
166,stars jars nice bought several need flavors lovers good good healthier ,great 
167,good like sunmaid cute milk loves better possible possible possible possible possible possible possible possible possible possible possible ,chai forever 
168,sugar kitty loves treats fresh loves beware breakage works etc times dry ordering ,yummy 
169,item well service popped better shipped ,what product 
170,love tea thing purchased especially adds carry tea thrilled slightly cup taste tasted perfect eat ,best mustard tea ever 
171,really highly fast reasonable chips good flavor good idea subscription creamers butter usually chips one could order saw using flavors loved flavors hiking great product four fragile ,yummy 
172,long product small ingredient think time islands smell find amazon popcorn tart growing best free gave seem teaspoon much would cans lot bought find small currently pretzels packaging medium ,true paste say 
173,ordered via heard ear type chocolate treats little bit might holds others tree last like dental picky like considered away like mostly ,our the cheez 
174,flavor fresh remarkable compared yes taste suppliers make intense american intense pulled cannot get better hard dogs get comparison drink water ,excellent 
175,buy product got gift tried higher man helps taste like adds intolerant like meat barbeque different feel like naked meat bunch smell beat year product even ,not good product 
176,great tea eat taste hands blue raw similar practical bill quality organic keep awesome ,tasty tea 
177,try bon first time really oil taste roast different local cannot let says local help past emergencies buy cats ,stuff made and taste or 
178,light years disappointing continue personally butter smell old little loves flavor crunchy tasty shipped really good enjoyed natural burnt cup say drinker ,repeat store 
179,husband information full snacks cheaper really must coffee got frogs left information coffee prefer buy ,love the coffee 
180,quality rice case tastes best really lemon might comes see things breakfast regular individually convenient since bought ,love this loves 
181,really like product taste great coffee tea reminds smells track perfect replacing vanilla incredible veggie ,great they the sugar 
182,use resealable like celiac supply convenient plain love product high shipping kitchen would buy ,much 
183,annie tea ordered like poor bubble heard getting years watery smooth soups amazon ,good yes tea 
184,great worst year home ill wood small super sprinkles area great find one god receiving iron every area nori nuts served saut brookside ,bed jar 
185,multiple bold tea tasting good especially classes ,good 
186,dog others formula ways delicious mouth makes loved grey better filling sure seem ago ,good 
187,great however cups along bad price likes go formula veggies liked usually teeth ,better amazing 
188,crackers attribute went carefully ease purchase made selling ,cherry shipping food crunch 
189,best friend fresh healthy flavors mustard tasty ,best overpriced of value 
190,like baking daughter stopped eat cannot created lot toy sugar sea daughter coming flavor really really good snack make ,delicious 
191,every loves tasty thought big every loves buy every loves something bonus years grocery triplets last less year soups ,at chocolate cups 
192,horrid add per subjective phenomenal cons relatively taste breakfast bags little phenomenal empty grew hips ,no flavor is sweet works smell for 
193,fresh coffee tend would buy price nutrition good high plus health well love stronger using concept ,good houtte 
194,love product paragon microwave date extremely cold freezing game balance stove cold eaten good tully aisle pressure ones sweet white ,water easy 
195,good organic meant used nice new add slices raw diet normal new old organic meant used gave bones grill since one better pg ,pizza usual waste yorkie 
196,sugar chewing weruva distributors tastes like thank get picture oh rich quality thanks much ,yuck wonderful 
197,love get experience food dogs seasoned excellent store dogs order like ,artificial 
198,fake local seem local robert dog hard best treat ,the working love them 
199,gotten coffee quality heavy fit pocket recieved good energy extreme coffee something popcorn gave feeling fragile vacation watchers market popcorn selection shakes aroma label pasta never ,false and theater 
200,recieved review plan need surprised afternoon sandwiches organic however recieved add gourmet ,mix amazing 
201,great product cause flavors snapper cal supply soo graham meats cooking great product seasoned chocolate flavor excessive enjoying wine product ,from for the davidson 
202,crisps chocolate food biggest coconut weird time give chunky one little big line crisp liquid good ,healthy and tasty 
203,first try small grocery cheese much crackers amazon two major plus need per breakfast saves much better seasoning fantastic store juice consider first definately plus amazon prefer coffee shipping topping ,great value almonds coffee 
204,love cleaning attractive could find soon buy smell could order packs daughter stopped ,awesome 
205,tasting pasta best like cheap full sugar see taste consistently fantastic stocking ,the best 
206,product popcorn soups carbonation ny soups fresh currently would even seems ,excellent only 
207,cannot needed tastes condition dark first crash quicker hot flavor surprised dark ask would long peanuts ,bargain 
208,loved enjoy easy love probably feel wish yet get one day much three mixes mouth time purchased kellogg makes well worth year value ,sweetened 
209,dog heavenly hesitant flavored first heavenly wolfgang flour got makes hay always taken one know ups lower one entire taken try ,absolutely 
210,finger anything best decaf normally proven finger flavor love devour bean healing cereal supply recommend free pay ready plan law scale peanut strange hot dogs ,product 
211,absolutely literally thumbs get time amy flavorable dogs first last people licorice afraid veterinarian smooth absolutely literally locally us see like terribly days hickory ,is it baby money gummies 
212,flavor daily little roast ibs beef mom pack authentic bought daughter stated flavor ,not hour 
213,like air gevalia acne tin right seeds ingredients bit fruit though ,yummy 
214,eat tea really breakfast spending hooked never really cheese ramen friends sometimes cafe arrived first softer fact ,free tea 
215,eating pick favorite ive make subscribe using christmas care prompt citrus licks flavor baking gross slightly hunger de came wonderful sage ,olives relaxing with better weak 
216,long smaller salsa flavor bland coffee could find label aroma wonderful taste great ,junk shipped coffee 
217,fresh except add free individually new minutes frozen favorably minutes minutes seems ,first for value 
218,nothing friendly box little anyone knew nothing himalayan say inferior downside appearance variety year ,allergies were of disappointed 
219,still got add alot bag cake flavor rice none away sites whole like local try bread since corn taking please oil two ,here amazing ever 
220,jerky flavors better mccormick around flavor walmart stone may maybe anyhow ,like super prepare looking with found salt 
221,free treat shortening ate also without good ,yummy 
222,little italy americolor difficult themed kenyan cup sea sugar way win day otherwise one huge syrup otherwise difficult winter ,between direct is chew poor happy are 
223,active sugar size culinary tea try allergies hr ginger something dry goat delight active nice green go sugar something dry birthday culinary tea ,better make 
224,done bottles tastes salad absolutely last bay flavor gum chip matter otherwise best flavor gradually certainly mint loves cherry ,delicious 
225,tried always bowl turned chips unlike best decaf roast higher great hair idea bottom good turned flavor shape okay amount pouch brownies hot bag week eat thinks ,best chips food favorites buy 
226,high plus fresh means means pineapple flavor case stuck trying kick food gerd means brews simply start amazing ,reason delicious 
227,dog heavenly made custard cook box give others little lock go high ,water leaf 
228,calories package protein try several bread flavors best way quite like dogs canned sodas could sure fairly great taste smoked fruit think help ,great snack 
229,would item drinks drinks gives preserves something coffee happy control rose mid special become made would four note dogs cake grit tapioca everywhere ,yuck but pleasant 
230,use full hundred protien perfect fat hour dented melted days chocolate truely taste fresh full dont least old buy time might high adds especially ,out bob 
231,try husband realistic day rice arrived continue seem hoping using last great gift arrived one oat gift corn milder days ,excellent way 
232,ordered barely must coffee past drinking bread taste tell shakes colors dump ,very absolutely and false coffee 
233,regular sweet times pasta cannister mouth roasting fabulous animal time fed like impression fabulous several one time lover medicine old ice ,these some 
234,great product good taste came much loved everything really ,great product truffle little seeds 
235,taste aroma tea internet always seems eat tasty ,best any something tea ever 
236,favorite dinners tea blend raspberry fact half every water taste always ramen friends know trying find another blow tea get shipment nostalgic nasal solid know butter juice ,the best 
237,faint dip hand ice ones ounces almost produced top delicious ship got calorie hand cost crunchy tart ,is my spicy favorite treat 
238,replacement co energy product treats one seasonings condition hate knew hate either fill cups pepper means version jerky strong flavor cups pepper popper last much pepper love ,great flavor 
239,wonderful eating powder science caffeine excellent pump thought good ,tasty but 
240,tasted pleased best loves candy best expected bad great price keeps back enough time good tiny like stale ordered amazon ,word 
241,tried several mangos delivered fish properly cat coffee best stores strong see bitter stores ,delicious tuna em coffee 
242,definitely product purchasing price ordered chipotle extra actually popcorn using means guilty hit use cooking wrapped yummy got health well enough good time ,good product 
243,favorite brand lil coat daughter free sure daughter food make family use chewy looking bad season white treats great way ,great umm 
244,keep even misleading tea reese wonderful dry style fresh buy ,matcha switch tea liked 
245,jerky found many full brew milk cup ,little stuff quality 
246,two chunk anyone normally ship cats regular individually use foods leave rice starbucks product refined ,beware 
247,eating tasty little peppered reasonable door one cookie bit package ,good taste high think 
248,coffee spearmint black strong guess soft bitter chose best list coffee different soft ,awful the best 
249,strong taste feel like creamy like work vanilla tea salt satisfied flavor confirmed eats recommend old use taste golden see lb ghirardelli time ,expensive taste 
250,tried packets currants chew like packets better also dogs keep awesome ,from plastic 
251,case flavor deserved chicken overall beef worry luck bought huge flavors one beef another chicken overall fresh cup longer top earth ,its the best favorites hot ever had 
252,love gf else breakfast like soups cat cook kids true item gf oz oz plain gf retail day night real strong give even perhaps sensation ,excellent 
253,anymore two rican dried decided creamy texture ginger whole whole discontinue open nature shipping topping creamy fresh product back ordered two back ,licorice 
254,unbelievable great taste like yummy box icing tide bad hot morning content icing tide ,yummy 
255,love disappointed boxes roasted espresso milk punch loves chips treats milk situation handful great lemon correct roasted hershey mold black wine barrel many nutritional ones ,love this your 
256,ordered product star expected product great would order price product girls seems amazing ,great only 
257,commit bold tea hot oatmeal tasting best last know bill ant ,wellness grey 
258,buying makes thing lost reason mixes treat organics meal saved definitely bob nutritious jiffy ,healthy dog snack 
259,good product treat easy continue wrapped cook looked jerky good easy green owned option salt coffeemaker twinings bubbles ,review of treat 
260,dollars grapefruit cannot cocoa newman shopping professional makes wanted say purchase loaded sweeter folks comments making child next dark stopping forced value ,covered easy to option tasty 
261,first pretty product valentine eat stuff bought ,add used pie 
262,husband machine lot sauce tea one floor amount also child tea europe grilled machine problem flavored vitamin tea day child dry similar wonderfully ,good tea 
263,best disappointed longer prepared partner project became tasted stale use forget wake twice bad traditional taste actually tastes much better pour also helps cereal needs disappointed ,the best your 
264,cannot keeps price tastes pet lower sweet road become buying family ,good do 
265,think get back stain good price used shipping lighter world rich ,good price perfect vanilla 
266,live since gels white bought sweetness great flavor came thinking carb would keep even cannot stick bought flavors ,careful 
267,long product user charles encourage dogs differences low sandwich tried heated hot fun signed ratings dr miniature cats pretty disgusting say war lots organic longer products two leaking close seems ,cheaper weak and market only 
268,try side arrived cool excellent pack smells sparingly feels way addicted arrive future smells sparingly service oven eat ,really good 
269,love coffee bottle get dry duck purchase good taste breakfast pie carry coffee also also good spicy year ,excellent time black 
270,free gluten used dessert main office baby beloved best ever licorice unlike trying yummy excellent great taste came didnt fillers better processed helps voila tasty snack make ,best ounce broth ever 
271,sweetness bar today apple selected delicious one feel awesome substitute bar today also taste much cups ,stuff was two 
272,trying know instructions mexican lion mix foods toys easier wholesome box tried bags son marinade chicken intolerant never remotely flavor syrup love latte old make toys ,our not 
273,love much canned however cat good sick germany want cal happened sealed cooking outrageous flavorful ,love it 
274,great mix irish flavors great price last would healthier instead regular loves would cost super loves good son coffee black cheaper ,great 
275,love spit liquids couple flavors quite us consistently taste cannot keeps ,great taste 
276,based always adore per found favorite treat health well newman safe almond problems number definitely home find zest discovered clears order seem love probably cup say wait great came ,weak great not stuff orange bland rip 
277,try deal believe fake local germany bought give cheese lot would pot lemon kcup feel hot point family would two vegetable crazy give cup treat ,yummy picture snack 
278,rice love tea great preschooler morning popper cost coffee sea cup european mention excellent bad little perfect since bought oil ,delicious 
279,coffee paying chunks ordered pasta handy far favorite ordered coffee several said amazon take months strong ,busy pieces coffee sandwich for pumpkin 
280,tea good stores treats process pod breakfast well highly subtle expiration vitamins pups good positive sauce tea edamame tea whole ,great tea 
281,package cake french milder feel reorder cake subscription super cake right ones tried feel ,great 
282,ordered varieties dog zuke newman tasting get fast diet coconut easy love ,my dogs love them 
283,must anytime capsules perhaps works fan liking may drink challenge taste bulk fan also right shipped purpose flavour spicy ,yummy 
284,thing local kind chocolate comparison hot morning quart snack cocoa chocolate flavor ,my chip too these 
285,tells go nice able eat quickly bones finished wanted job disappointed bars almonds works delivery get recommend correct ,packets delicious oil 
286,popcorn extra added pleased beginning different like dog newman nectar line amazon comparable bowel year ,noodles product 
287,great pink good product get weak love ,great love it 
288,quite love great flavor value floor added type coffees hooked whiff works beans heard ,great 
289,one best else bars light mess taste fresh pleasingly rather definitely ,work cocoa and horrible sauce 
290,enjoy shipper easy come morning get life liver mentioned getting one guaranteed size hot morning salty making grey pack shortbread good even right treat ,yummy eat 
291,received chocolate cleaner collie much mine best buy usually grocery store batter downside difference eating purchase best healthy idea cleaner eating decaf worth ok factory maker ,or 
292,truck pepper brew breakfast great foods keurig rinsing little might purchased dogs brings price know crisp worth price ,little original gf they 
293,fan available taste like big got call packaging per great real put buying exact earths decaf stuff fan exact earths much originally taste ,fantastic good but crunchy stuff was 
294,doctor masala good unless heaven unless get eat box perfectly make ,chewing of the 
295,may warm rice arrived would give buy one great kisses mood ,awesome 
296,begged peanut states forget three good per salt treats man hazelnut fuller cat week husband got hooked whiff buying ,shirataki surprisingly lime 
297,price coffee thought good like strong sweet good terrible bags salty definately garlic since bought ,great coffee 
298,first time worst cha tried seems trick bears best tasting taste great serve price keeps ,now 
299,tea missing taste carbonated buying flavor three admit buttery tea maker stores ,actually taste customer 
300,first bought got huge like tea free hope better would things others strong every tea ,great tea 
301,tasty picky great ice per love ingredients care organic ,great flavor and raspberry 
302,kinds potato snow often empty absolutely carbonated price veggies one best carton long inflated break mind syrup find another dirty ,crunchy nice the there watch 
303,product enough discount sugar pay serve stays plus butter january soup thanks ,excellent 
304,nothing like roasted outlet white thrilled zip kona pf tea ones ,just the tea works smell for 
305,good price think find candy tastes like free popper like young yummy better though shipping able ,hard to fast alternative but good 
306,awesome taste fits looks excited maybe reasonable hot many taste everyday would never buy color shipments ever believe buy ,good nice mini bad nice taste 
307,best loves ever orange enough sugar pay would maybe books love ,the best chocolate 
308,got turn pods box pretty could dissolves gift box ordered well well health left eat much ,not as jerky as cherries 
309,coffee girlfriend see great flavor great make couple coffee carbonated quickly coffee mango ,best coffee 
310,replacement stimulating energy thank cans issue little items product spot goes brew price great especially spice variety hard licorice goes gain since balls rocky bought though ,but good do 
311,plastic usually tea long great stores much like get sweeten frequently used shipping green service ,great tasting tea 
312,little decent crisps chocolate ways popular pot standard butter chance hooked coffees associated problems nuts exactly go perfectly even size dog ,love them 
313,although flies add gum although awake love would loved little although cocoa purchased time could aside actually try use recently flies cream eating inside food summertime ,banana 
314,favorite bulk coffee pasta really cost need half yummy got comes high adams ,love it 
315,alternative taste good packaging ordered occasion mouse either low best potato strain looking box teeth alternative hard home hoping bread salty ,good taste but definitely best egg say 
316,baby nothing mouth glossy lbs nature taste searched traveling say really worth time heat lbs tangy would six using received enjoy people one lose complaint ,me 
317,love flax dance con coffee us taste flowers brainer powerful snaps sugar taste definately plus never gives ,my favorite coffee 
318,taco needing laundry purchased time ago ribs great taste greenie tasting dogs one bread taste good say never still like buyers needing salt like tasted students ,happy are ramen cherry 
319,vinegar favorite tea drink free apple eat ,love this tea 
320,far best pasta coffee coffee passed highly nice bottle coffee first pasta coffee actually since time disease walkers contents terrible well hint ,to my nom worked cereal nom 
321,redeeming children completely green beef help reviews quality already greater much jar steamed ,was yum 
322,coffee put order worth stick realized stores wheat large sweet coffee liked ,rinds protein butter coffee almonds 
323,oh expecially good smells suck serve anything great bare leaf ready ,good freshness 
324,love taste good machine good choice water seeds easily flavors restaurant ,the best food the gummi 
325,really good milk milk would milder disappointed things standard delicious right ,better 
326,bottles comes taste great coffees better top cocoa service add quality bottles green service ,on 
327,love soo flavor mustard give worth two largest celiacs cannot get soon yet product bell ,yum 
328,great price super tea product exactly bay whenever bold something day boost cd pleased best tea expecting ,great deal 
329,pretty product would like recommended cup fat much ok yes looks hard cup would use use cup japan hips japan throw cup ,stuff quality 
330,like subscribe quality good use much prefer nuts town try chicken stated peaches free say god soft ,gross is the beans 
331,every loves fine price crunch get last pasta nasty ,thank stuff was 
332,refreshing dog chocolate another dog banana wish chocolate recommend going others would give two ,name affordable dry without 
333,try replacement energy foods overall sweetness tastes good unflavored bar flavor cups overall ones got bought state cooking cheerios sample nose ,better used 
334,taste wish like frozen could taste ginger month would licorice new water amount like lucky minimal one coconut simple product tastes like stuff yummy allows taste like ,smoothies 
335,costly delicious equal takes food teas bought kit seems body company arrived mine delicious reviewers first kitties chemicals due takes kit love equal food company ,healthy and tasty 
336,charged healthy puppies typical cereal popped ever free comes keep lunches texture already gulp elderly wonderfull happy barley open ,taffy bowl 
337,family favorite base desk mix tastes best value ,out favorite pleasure all 
338,usa could work complain wrapper bag carton extra rice wonderful less cheesecake considering chicken wrapper less diet ones ones ones ,at much 
339,favorite dont cannot keeps price would weak pods target stock matter chewy grocery would give even ,love these bonsai 
340,best restaurants sauce tea far tried second amount upset times best ,best newmans green tea so its 
341,happy tangy best gluten used spent product light looks heard yogurt except instructions products area sampled home usually says keep even product recommend throw except soup hard best ,totally all cat perfect 
342,favorite bars ever tastiest take dietary wonderful aftertaste think find years transit variety ,best sauce 
343,long husband others coffee strong one drank bitter strong say gives sweet sent bar water make teeth sweet coffee ,on chai 
344,iced want one go truth great one refund lot lipton want carried thanks amazon ,great 
345,great unfortunately size makes recommend easy makes recommend thank easy chance process indulge keep even dogs better dog pop wanted treat ,better olive and listed treat 
346,tried find small candy years body think time islands sleep always dented candy think find popcorn product sprouts cans sugar pay ,love creamy 
347,love immediately buy wrapped next puppy know gone added chocolate also ,love it 
348,great way lots idea idea chewy product jars high past ,delicious 
349,love lived addict snack high great stores never across started always wheat large delivered amazon seller find runny homemade forward thanks amazon lived ,product hard to fast unbelievably cup amazon 
350,aftertaste carb main shampoo extremely bother bother baby still good stored matter taste like ,not so great 
351,fresh product use tea coffee nice see carbonated ,teas horrible 
352,love enjoyed heartland product pick walmart dogs fare remember worried roast tastes anchovy beat year brand ,prompt 
353,count get amazon hold shipping much less big liquid grocery store everyone looking popper like fell recommend better beef great fast seemed way ,these are from 
354,bodied curry brought bags chicken white older chicken white packet little roast fat noodles berry white happy customer ok cups purchase little roast bad water make tasty ,little made 
355,really still loved puppy pleased tea tastes great grilled coconut topping tired yuban organic could pot favorite sauce tea potato ,love this tea 
356,coffee tastes stars like must information coffee oil another great son coffee butternut pasta drinks ,awesome coffee 
357,let good went food disappointed tastes prepared protein fast perfect salads idea get kong cup much try another individual bread sodium quite know sure keep awesome ,cake your 
358,lab nutella delivery enough time cheesy good ,would 
359,via warm arrived amazing much sleep foods every im salty ,at heaven 
360,nutrient tube furniture sets smaller conscious cannot additionally happy greenies chew product great surprised ,quick cost yumm eat 
361,really must flavor came per cheerios shipping always waste keep even ,excellent flavor 
362,wonderful enjoy cuisine yum hair every way concerned great fast old pretzels chips less outstanding convenience bag throw half yummy also good like daughter stopped ,free for that cannot doggie life 
363,really good serving staying product benefits use tuna latest mixture quart try made enjoy sparkling ,great product 
364,version much flavoring flavor coffee coffee nice aroma loves flavor get flavor ,chocolate lots flavor 
365,love sinuses gotten every loves enough brands shake convenient seem ,great tasting at chocolate 
366,order loves actual packing heard time ordered adds hits enough served worth along still product jerky use end ,bad 
367,love thins like received yummy wonderful last product get thing finicky love make aftertaste right way win soon keep even updated winter tsp hopefully pricey lover delicious ,baked alert 
368,friend enough time pantry exquisite free toy ww friend first cake fiance friend plain right provide high ultimate ,good overpriced 
369,chipotle tire eat enjoy drinking tire heat powder perfect example best last cat inexpensive sure manner great right delivery ,coombs 
370,tried gnawing brand like policy regardless good good spicy definitely products buy amazon ,very good 
371,bars go right way taste right would still particular dark made plays best gluten used way found far delicious quickly feel hot day ,favorite healthy snack 
372,cup got future hand one go glycemic used texas received must poor came would even product soup ,very quality 
373,first time trying occupy soil changed good soda mild foods water milk water different like unless water natural fat good chai able snack ,gold 
374,dog chocolate makes definitely find amazon three admit pieces time vet next amazon price feel fix smashed ,dog favorite treat 
375,really like taste system yuck quickly full safe party shampoo kids aside hazelnut sweet though breakfast value gets buy ,issues superb have 
376,great response wonderful sells delivery walmart time yogurt years enough time corn wasted also ,grains kind cup husband 
377,eat carbonated product far need wish buy minerals definite prime taste well worth price ,free 
378,enjoys may creamy tea nutty add promised really choices promised breakfast well really really budget flavor creamy least old instant glad tea rid like creamy add type drink known flavor ,great for drinks 
379,seem local seem local love seem local vinegar refreshing whatever get delicious salt pressure overwhelming standard memories ,my working love this loves 
380,shipping high kinds potato got edition kinds degrees delicious much claim brownies time kettle standard go heard well locate freshness close purchase get order food juice order ,smells maybe 
381,bags something tasting time tried several assorted need amount flavors far favorite like bottle coffee problem sweetener licorice coffee necessary also highly market care cat like sweet subtle ,best hot kind 
382,missed mini delcious caffeine found opinion thank noodle robust box ask adding satisfied favorite american certified shiba oil coupon far better probably finally chicken ,source sweetener 
383,rice happy tangy best eggs ever orange pumpkin get eggs week hard could drink many month extremely pumpkin ,the best 
384,huge top delicious coat flavor thinking chews better curry easily wish scent ,wonderful than umm 
385,felt ravioli awful particular cook switched cook veggies drink could heavier sweet coffee drop year ,organic not were pretty disappointed 
386,big use imported tomato foods great terrible zico dark moist hour seems ,great 
387,turkey gummy came count made newman hide pantry missing came satisfied gluten used products tried ,anything just me 
388,product meals cofee marinara anything horrid drops pricey cats bags wal steaks products yogurt eats find delivery wal steaks range fish ,coffe these would grill bought 
389,weight guilty tea nearly sweetened tea smaller working arrived stuff kona flavor find seeds choices time drink barrel meals similar eaten purchased day keep even taste healthy ,excellent flavor 
390,longer chocolate package caffeine dog food would nice experience food years nice yucky cute experience food would neat healthy well ,great in 
391,coconut easy favorite treat since always dog easy wish makes ,dogs love them 
392,thru drink without english especially liked crystals time rainy drink still crystals carbs drink begin purchase best thing finicky ,best 
393,best eating ever bite pretty orange best cookie liked cloudy kicked ,best cookies 
394,great coffee great price great reasonably wife chocolate coffee ice looking acquired treats snack use highly ,available misleading 
395,use bran anything wake slow chew th might purchased dogs hum aroma food much trust handle food strong bran taste give awesome like wake secure ,great read 
396,theater product bits enjoy oz ago syrup loved home misses soft slice stems much better slice combination smooth degree dinners pomegranate kool thanks ,terrific cacao licious to birthday 
397,pack think time yogurt yogi bland coffee little big picture well ,it works just sweet newman 
398,dad way tastes great likes made package healthy dark crazy well larabar high aftertaste tasty loved ,delicious 
399,much like ordering bit less cup bit fixes tasty sale ,delivered 
400,product enough selections health sesame got box wife like left maker avid made one coffee plan coca took put seem running purchase liver besides ,not cookie the 
401,price seconds whole chips emerald teeth grams teeth chef seconds color chewer amazon ,family 
402,much better brew emeril apple love definitely fish juice milk bones crunch ,delicious 
403,happen brown flamingo chocolate makes ready wolfgang shepherd without filling sure instead worry drunk makes kids bag tasted order sodium look everyone bag less within ignored thanks halo ,treats 
404,think find market tea change flavor great price great buy family ,decaf tea 
405,came using christmas everything bought everything good play cannot go run microwave gas mg student outstanding much canned nicely regular everything cant jiffy ,doggie soup that tastes like grey soup 
406,great product stuff meat amazing right food company tasted much protein easy italian sushi company love ,bars love it 
407,house olives coconut safety tastes walmart cant dark expert coconut remind maple impressed ,not the baby deal 
408,problem one dog favorite makes heat gf get licorice using last soy chaser dogs kids top bit big buy time ,my dog too this treat 
409,ordered filling pleasing diet concerns save hard chew hard ever delicious mild everything chew little tasting ago sliced would make everything workouts certified sure everything popping moisture everything eat ,delicious 
410,nice average dinner restricted philippines twice free brand tasting fresh ,good with lucky 
411,quick product tasted sealed prohibitive strong damn supermarket seems ,best darn tea for 
412,weight like much mint tea one money good keurig cans refrigeration black ,on soda tea 
413,love prince much less beat flavor wonderful product online ,flavor of 
414,thing local fruits chocolate everything tastes good christmas everything expensive love didnt high ,cat perfect soup 
415,week first th frosting mocha nutrition markets taste fits ever light fyi dressing kudos would imagination rather sees westie ,sea shipping breakfast the best tasting chews 
416,always sweet earl almost finely sweet store believe costco yet make sweet try something favorites little earl sauce feed one better delivered common float price mueslix ,puppy filling 
417,love product gone amazon took salty placing best potato box make family product stuff freezer rum best potato ,sooooo cup best egg say egg goooood 
418,however plan peachy cookies best brulee starbucks however diagnosed minty ,best amazing for normal with pleasant 
419,received sure milk loves infection acid second tasting rice love infection spent minutes office best buy spent office small unusual reduce type mistake less long amazon ,love the product but not the price 
420,great whole unbroken aid work well made good size herring recomend whole ,ingredients 
421,great product flavour easy rice love control big future said big coffee everyone finally coffee puppy big write maker meat everyone finally packaging easy wish get one makes beautiful ,great but fresh 
422,coffee different bitter like scratch dream drinks purchase different bitter scratch order ,not good 
423,quality case best last ever tastes great fast calories diet gets buy quality ,love this loves 
424,need dented container tried far favorite butter tasting gets ,my favorite 
425,cannot delicious taste cups bbq mid tahini tahini raisins raisins match tully ,hates tastes review like salt 
426,cool dog black buy wife breakfast hot time love take wife others wife others wife coffees cheap months good nicely fast lean treats good liked coffee ,expired too handy 
427,oil nothing like cans need leaves quick seed feeding clam concern getting determined feeding calorie rinds add someone taste recommend made plastic cream first one different add wafer ,not sweet find 
428,keurig order crackers great every loves good butter fiber ,at chocolate 
429,love product popcorn wrong date instead premium teeth purchase good price use spice variety though ,real not overly the make 
430,sensitive coffee love gf else also sensitive liquid middle years pb boxes work one repurchase grilling size bag earth tummy ,best price days 
431,going arrived chicken thrilled matter cafe recommend bite toasted case ,my gluten paris these zero blue 
432,carries favorite mine think find grocery years liked get took prefers spice variety sale way ,my cajun favorite full sauce 
433,spot stores drinks however add ingredients taste pineapple add price worth buying ,rock amazing on make ingredients 
434,sauce feed something runny great spicy quickly full strong tell many using received ,great anyone and price 
435,timely babka make cooking timely flavor happy customer ok cups whitefish healthy bananas enough brands ,short 
436,easy love merry putting together needed good ,dog addictive 
437,vegetarian christmas loved visited products haribo best good recommend still sure christmas everything encountered subscribe six husband dissolved one ever thru sure christmas everything love ,love this product 
438,diabetic product like enjoy dark kirkland cold packaged promotes tear pie weeds enjoy flavor temp fantastic every business shipped tea fine grandmother use ,on sardines the caribou customer 
439,cheese taste tea better mother brand drink heat refrigerated tea whole make vitamin couple tea ,great taste 
440,mixed best dogs review flavor agave maker ginger like taste nothing mouth teeth freshen shows candy ,sweet is item to noodle day ramen 
441,try grinder energy amazon actually bite content found cereal cereal flavor anywhere taste like buying june red content opinion kick chicken ,no flavor will as more 
442,tastes thank tang breath girl started ordering vitamins ,well weight 
443,absolutely good coffee wrapped much round great flavors strong flavors taste many good deal ,coffee 
444,overpowering cups tasting ago left put love chewy lost soda package healthy product great price think soothing buddy cups get roast including happy bags much eat ,great product 
445,side tax intensity really best bitter taste chew sweet coffee price many ,love it 
446,gluten salmon great newman pure taste much regular shelves packaging times want size would love box nut showed ,cat perfect buyer 
447,everyday choking tastes wings wings choking eater salt run alot satisfy bees really sausage mixed licorice research mushy earned bought wish yet ,truffle need purpose china must 
448,love every loves mess best decaf nice thicker flavor loves coffee ,love it 
449,fat walking perfect flavored imported maple large walnut used end brew new anything anything texture indeed good kind arrived cheese next clearly autoship used treats better ,awesome with snacks 
450,carries mess walmart milder buy flavor ,tastes like design 
451,added farms old delicious works hard came salt order picking get comparison since way hard great hamburger light spice variety pound ,great product 
452,good quality cup melted well food increasing taste false originally like till mellow ,formula people convenient 
453,product stars teas min great pay good time love get spice variety organic joe christmas use thank tho recently pure bone forget grab etc love ,every sweet newman 
454,expensive one best flavors ever different good weird chewy timely pet toy tastes good lot probably green reviews thinner im vet ok noticed pepper expensive melted keurig easier ,great much 
455,fresh product stars pleased would strange speed ordered leaking fresh spicy price ,bear 
456,product although starting good carrying outside know product ca make plum order ,misleading 
457,try costco chocolate every im pleased pick every service per treats larger gift ,at way 
458,cannot loved say products added untill put like nothing rice chocolate ingredients leaving gmo light ,love 
459,car worst gums love flavors taste coconut hard much better pekoe ,best flavor 
460,great cherry fast today package wait nice ounce weird shortly easier subscription photo comes restaurant great concerned eat around days six chocolate version right flavour cleans cant dr ,fabulous 
461,product tastes like regular enjoyed natural great protein popular ok spread protein keep even product cookies please cereals amazon found small store good wasabi ,delicious product they has nice amazon 
462,fine product hard ever use thank cups food times vine use much less cups buy time high plus good price well ,salt of the yes 
463,husband chocolate loves breed haribo favorite chocolate us see loves calorie aftertaste son flavors order corn gift enough many time sugar pay immediately order ,delicious 
464,great eggs flakes food get managed going delicious say know smells remarkably online open knows flavorful delicious keurig remind absolutely start exceptional happy much protein ,approved my gluten to super 
465,paid quickly full nearly live bought closing light weight soup received like felt strong per great price butter quickly full sodium obviously good excited particular maybe though good healthy ,stuff expensive for ok 
466,full strong blend half leaves wheat months half full coffee different like coffee comes take since stopped one hoping alot bought wheat months pieces ,biscuit granola flavor 
467,affordable enough time school bag packages artificial shake many glad biscuit beer helped coming bite particular individual chai hot day would order family ,organic it stale 
468,product dad well made nothing state high whatever recommend nuts issue reducing page seriously ,chia jug not so chia 
469,try product vegetable visit tasting found sodium wabash aweful online meals across love product seasoning cats online plenty meant convenient one tomatoes ,pears of syrup bargain puppies 
470,old make toys pieces best last thing local office good time box shared ,so good 
471,heard find lot acquired something like coffee strong something strong say old blend sweet coffee happy bags enjoy something raw update get beats old one ,good loves 
472,hard recently bag richer little much sample sell tasty recommended always except japan cane little cup good lb lower pre products tried ,best cat perfect more honey hot carb 
473,company love diamond afternoon loved one recommend done quality extremely morning kept adults wheatgrass liked black caribou smell home find mean enjoy small spend rooibos ,my bars love this mouth 
474,takes changed good lot better pretty would try assumed use cornbread thrilled tub tomato yet foods family better changed time buying ,great mac for advertised 
475,never doorstep nong organic coffee snacks snacks ive cheap raspberry snacks taste delivers see bitter buy ,regular to taste 
476,coffee brother little unfortunately hoping occasions dissolving delivered gloria found per diluted eats open flour called stem ask either looking popcorn chews good coffee ,easily supermarket name 
477,great item cake bland bag goodness make coffee best stores coffee snack make happy become ,great taste 
478,even bold tea brands twelve saving cat better barely tea felt bunch excellently still tea harsh probably nicely real palates peach tea ,tea 
479,like finding much better see loves enjoyed natural slices great shipped expire ,yummy and white 
480,dog chocolate food fiber due supervised would pesto local food gobble get liked sure food rice love give buying ,date thin nutritional 
481,got snacks fit good energy oil also got snacks website nice sell tiramisu thick make vitamin large pomegranate great snacks great price ,great disappointing for fog flour butter live 
482,one first time kids plain smaller children one put strict really one eat candy bars ever fingertips see loves unique cream enhances one taste huge salsa amazon ,is by 
483,following rice favorite candy like enjoyed natural super loves syrup bought like regular counts something pound already done bought ,to cakes for 
484,enjoy dry easy really like product stinger teas without reasons line bought shrimp food wonderfully bit dog food anymore may meal really controlled highly ,great treat for beer of bouillon 
485,eating great poodle part cup soy nice large flavor eukanuba comes follow well ,yum 
486,cannot back clean awful second oz butter likes good disappointed like much cookies tomatoes ranch perfect normal much consuming people cannot old fructose dry pear perfect ,very get cans 
487,great friends love handy promise green reviews dressing though seems great ,italian please 
488,seem local particularly paris chocolate thank like creamy snack almond costs pouch costs add looked less plain shared ,good 
489,wonderful local elmo great staple molasses taste around much satisfied ,finicky it it is the 
490,free buy check stash tasting ago lids excellent like one overall one dogs get overall appealing worry like hair handle problem buy ,water easy and tasty used muffin 
491,much flavor would use junkie expensive use chicken curry white better day personally labeled ball little think even cooking little top low keeper ,it is okay but not fabulous 
492,someone chip chips someone delicious one cherry time well without taste great common buzz flavor give bit need chip chips flavors much originally ,potato fan tastes great 
493,weight cost regular leftover product really times fridge slowly flavor really good would almost lot item jarred flavor bags bulk leftover ,good flavor 
494,taste add pretty seasoning salt medicinal cup loves half water ,quality greenies 
495,great container tea zip fact drinker strong like ,very tasty 
496,ordered self finish broken kitchen clean many glad health mixing finish rice best ever ,free 
497,balls eat use traditional milk totally mushrooms incredible veggie basket noticed take loves love ,yummy 
498,suspect elegant product common artificial suspect delicious get diet chews really hard worth price forward butter actually trying granola decent pronounced ingredients wasabi ,now turkey even 
499,popper tried tea try lemony gift warned lemony plants trying flavor tea pork tasting nd members would drank arrived ,great for tea tasted 
